12/01/2015;Inicial;12;9,39;-6,32;1,47;2,2;0,83;10,43;52,91;0;0;0,15;0,1;0,15;1,2;1,19;0;0,15;1;0,85;20;0;9;1;1,0128;0;0,9929;1,1628;0,968963;0,05;0,55;7;3,85;0;;0;1;1,1628;0,969;0,969;0,968963;0;0;;;;;;;
13/01/2015;Inicial;13;9;-4,67;2,75;3,2;0,97;7,99;48,91;0;0;0,15;0,104167;0,15;1,2;1,21;0;0,160833;1;0,839167;20;0,992897;9;1;1,0169;0;2,1643;1,1669;1,128012;0,0575;0,55;8,05;4,4275;0;;0;1;1,1669;1,128;2,097;2,096975;0;0;;;;;;;
14/01/2015;Inicial;14;8,15;-4,39;1,63;3;0,97;11,4;49,22;0;0;0,15;0,108333;0,15;1,2;1,21;0;0,171667;1;0,828333;20;2,164312;9;1;1,0011;0;3,3326;1,1511;1,112704;0,065;0,55;9,1;5,005;0;;0;1;1,1511;1,1127;3,2097;3,209679;0;0;;;;;;;
15/01/2015;Inicial;15;8,68;-1,67;3,64;3,6;0,93;4,79;56,05;0;0;0,15;0,1125;0,15;1,2;1,21;0;0,1825;1;0,8175;20;3,332566;9;1;0,987;0;4,4595;1,137;1,06124;0,0725;0,55;10,15;5,5825;0;;0;1;1,137;1,0612;4,2709;4,270918;0;0;;;;;;;
16/01/2015;Inicial;16;10,1;-1,19;4,34;5,3;1,27;10,75;50,52;0;0;0,15;0,116667;0,15;1,2;1,24;0;0,193333;1;0,806667;20;4,459465;9;1;1,0015;0;6,032;1,1515;1,458533;0,08;0,55;11,2;6,16;0;;0;1;1,1515;1,4585;5,7295;5,729451;0;0;;;;;;;
17/01/2015;Inicial;17;10,89;-3,48;4,41;5,3;1,63;11,98;37,92;0;0;0,15;0,120833;0,15;1,2;1,26;0;0,204167;1;0,795833;20;6,032026;9;1;1,0037;0;8,0919;1,1537;1,884345;0,0875;0,55;12,25;6,7375;0;;0;1;1,1537;1,8843;7,6138;7,613796;0;0;;;;;;;
18/01/2015;Inicial;18;8,07;-4,94;1,63;1,4;0,8;9,14;51,87;0;0;0,15;0,125;0,15;1,2;1,18;0;0,215;1;0,785;20;8,091936;9;1;0,9264;0;9,0361;1,0764;0,861139;0,095;0,55;13,3;7,315;0;;0;0,9501;1,0689;0,8551;8,4689;8,474935;0;0;;;;;;;
19/01/2015;Inicial;19;7,11;-1,92;2,45;3,4;0,9;1,95;51,7;0;0;0,15;0,129167;0,15;1,2;1,21;0;0,225833;1;0,774167;20;9,036062;9;0,1495;0,1587;0;9,2205;0,3087;0,277814;0,1025;0,55;14,35;7,8925;0;;0;0,9107;0,2953;0,2658;8,7347;8,752749;0;0;;;;;;;
20/01/2015;Inicial;20;5,83;-0,72;2,35;2,6;0,53;5,52;84,65;0;0;0,15;0,133333;0,15;1,2;1,15;0;0,236667;1;0,763333;20;9,220537;9;0,147;0,1466;0;9,3229;0,2966;0,15817;0,11;0,55;15,4;8,47;0;;0;0,9618;0,2908;0,1551;8,8898;8,910919;0;0;;;;;;;
21/01/2015;Inicial;21;8,3;3,39;5,84;2,4;0,83;5,61;74,75;0;0;0,15;0,1375;0,15;1,2;1,16;0;0,2475;1;0,7525;20;9,322943;9;0,1456;0,1469;0;9,4857;0,2969;0,247441;0,1175;0,55;16,45;9,0475;0;;0;1;0,2969;0,2474;9,1373;0;0;0;;;;;;;
22/01/2015;Inicial;22;10,04;2,2;6,36;3,2;1,17;8,3;61,6;0;0;0,15;0,141667;0,15;1,2;1,19;0;0,258333;1;0,741667;20;9,485654;9;0,1434;0,1495;0;9,7208;0,2995;0,349406;0,125;0,55;17,5;9,625;0;;0;1;0,2995;0,3494;9,4867;0,349406;0;0;;;;;;;
23/01/2015;Inicial;23;9,56;1,61;5,5;1,4;1,3;9,07;66,94;0;0;0,15;0,145833;0,15;1,2;1,15;0;0,269167;1;0,730833;20;9,720808;9;0,1402;0,1409;0;9,9714;0,2909;0,378111;0,1325;0,55;18,55;10,2025;0;;0;1;0,2909;0,3781;9,8648;0,727517;0;0;;;;;;;
24/01/2015;Inicial;24;11,02;2,98;6,67;2,6;1,55;10,86;53,7;0;0;0,15;0,15;0,15;1,2;1,2;0;0,28;1;0,72;20;9,97136;9;0,1368;0,143;0;10,2792;0,293;0,454136;0,14;0,55;19,6;10,78;0;;0;1;0,293;0,4541;10,3189;1,181653;0;0;;;;;;;
25/01/2015;Inicial;25;11,81;3,26;7,22;1,9;1,45;12,39;62,14;0;0;0,15;0,154167;0,15;1,2;1,17;0;0,290833;1;0,709167;20;10,279187;9;0,1326;0,1352;0;10,5557;0,2852;0,413594;0,1475;0,55;20,65;11,3575;0;;0;1;0,2852;0,4136;10,7325;1,595247;0;0;;;;;;;
26/01/2015;Inicial;26;11,19;2,99;7,14;1,9;1,15;8,03;58,31;0;0;0,15;0,158333;0,15;1,2;1,18;0;0,301667;1;0,698333;20;10,555701;9;0,1288;0,1322;0;10,7734;0,2822;0,324502;0,155;0,55;21,7;11,935;0;;0;1;0,2822;0,3245;11,057;1,91975;0;0;;;;;;;
27/01/2015;Inicial;27;11,9;2,97;7,43;3,3;1,03;3,99;68,26;0;0;0,15;0,1625;0,15;1,2;1,18;0;0,3125;1;0,6875;20;10,773365;9;0,1258;0,13;0;10,9687;0,28;0,289288;0,1625;0,55;22,75;12,5125;0;;0;1;0,28;0,2893;11,3463;2,209038;0;0;;;;;;;
28/01/2015;Inicial;28;13,34;4,9;9,14;4,9;1,2;12,75;64,49;0;0;0,15;0,166667;0,15;1,2;1,22;0;0,323333;1;0,676667;20;10,968694;9;0,1232;0,1313;0;11,2015;0,2813;0,337537;0,17;0,55;23,8;13,09;0;;0;1;0,2813;0,3375;11,6838;2,546575;0;0;;;;;;;
29/01/2015;Inicial;29;14,76;4,65;9,78;1,2;1,2;6,86;59,43;0;0;0,15;0,170833;0,15;1,2;1,16;0;0,334167;1;0,665833;20;11,201507;9;0,12;0,1214;0;11,4203;0,2714;0,325706;0,1775;0,55;24,85;13,6675;0;;0;1;0,2714;0,3257;12,0095;2,872281;0;0;;;;;;;
30/01/2015;Inicial;30;13,98;5,03;9,82;1,5;1,73;7,94;57,89;0;0;0,15;0,175;0,15;1,2;1,17;0;0,345;1;0,655;20;11,42034;9;0,117;0,1193;0;11,736;0,2693;0,466744;0,185;0,55;25,9;14,245;0;;0;1;0,2693;0,4667;12,4763;3,339024;0;0;;;;;;;
31/01/2015;Inicial;31;14,23;4,56;8,85;1,5;1,57;11,34;61,25;0;0;0,15;0,179167;0,15;1,2;1,16;0;0,355833;1;0,644167;20;11,735978;9;0,1127;0,1142;0;12,0138;0,2642;0,413933;0,1925;0,55;26,95;14,8225;0;;0;1;0,2642;0,4139;12,8902;0;0;0;;;;;;;
01/02/2015;Inicial;32;13,56;4,92;9,29;2,7;1,4;8,15;60,63;0;0;0,15;0,183333;0,15;1,2;1,19;0;0,366667;1;0,633333;20;12,013752;9;0,1089;0,1127;0;12,2629;0,2627;0,367812;0,2;0,55;28;15,4;0;;0;1;0,2627;0,3678;13,258;0,367812;0;0;;;;;;;
02/02/2015;Inicial;33;13,81;3,01;8,13;4,1;1,47;12,56;49,99;0;0;0,15;0,1875;0,15;1,2;1,23;0;0,3775;1;0,6225;20;12,262929;9;0,1055;0,1137;0;12,5309;0,2637;0,386792;0,2075;0,55;29,05;15,9775;0;;0;1;0,2637;0,3868;13,6448;0,754603;0;0;;;;;;;
03/02/2015;Inicial;34;14,67;0,95;7,75;3,9;1,47;14,13;48,01;0;0;0,15;0,191667;0,15;1,2;1,23;0;0,388333;1;0,611667;20;12,530867;9;0,1019;0,1098;0;12,7941;0,2598;0,381038;0,215;0,55;30,1;16,555;0;;0;1;0,2598;0,381;14,0259;1,135641;0;0;;;;;;;
04/02/2015;Inicial;35;12,74;2,31;7,45;2,3;1,2;3,93;50,37;0;0;0,15;0,195833;0,15;1,2;1,2;0;0,399167;1;0,600833;20;12,794144;9;0,0983;0,1028;0;12,9994;0,2528;0,303317;0,2225;0,55;31,15;17,1325;0;;0;1;0,2528;0,3033;14,3292;1,438958;0;0;;;;;;;
05/02/2015;Inicial;36;7,44;0,92;3,96;1,1;1,05;10,27;67,39;0;0;0,15;0,2;0,15;1,2;1,14;0;0,41;1;0,59;20;12,999388;9;0,0955;0,0949;0;13,1683;0,2449;0,257163;0,23;0,55;32,2;17,71;0;;0;1;0,2449;0,2572;14,5863;1,696121;0;0;;;;;;;
06/02/2015;Inicial;37;7,51;1,02;4,46;2,7;1,1;2,85;60,28;0;0;0,15;0,204167;0,15;1,2;1,19;0;0,420833;1;0,579167;20;13,168307;9;0,0932;0,0964;0;13,3515;0,2464;0,271084;0,2375;0,55;33,25;18,2875;0;;0;1;0,2464;0,2711;14,8574;1,967205;0;0;;;;;;;
07/02/2015;Inicial;38;9,38;-0,19;4,42;2;1,1;14,51;55,63;0;0;0,15;0,208333;0,15;1,2;1,18;0;0,431667;1;0,568333;20;13,351474;9;0,0907;0,0935;0;13,5324;0,2435;0,267808;0,245;0,55;34,3;18,865;0;;0;1;0,2435;0,2678;15,1252;2,235013;0;0;;;;;;;
08/02/2015;Inicial;39;9,86;-1,59;4,04;2;1,2;15,04;50,33;0;0;0,15;0,2125;0,15;1,2;1,19;0;0,4425;1;0,5575;20;13,532369;9;0,0882;0,0918;0;13,7299;0,2418;0,290106;0,2525;0,55;35,35;19,4425;0;;0;1;0,2418;0,2901;15,4153;2,525119;0;0;;;;;;;
09/02/2015;Inicial;40;11,28;-2,39;4,64;2,8;1,4;14,6;45,92;0;0;0,15;0,216667;0,15;1,2;1,21;0;0,453333;1;0,546667;20;13,729869;9;0,0855;0,0909;0;13,9626;0,2409;0,337229;0,26;0,55;36,4;20,02;0;;0;1;0,2409;0,3372;15,7526;2,862349;0;0;;;;;;;
10/02/2015;Inicial;41;12,42;1,6;6,74;4,2;1,7;11,34;49,25;0;0;0,15;0,220833;0,15;1,2;1,23;0;0,464167;1;0,535833;20;13,962605;9;0,0823;0,0891;0;14,2453;0,2391;0,406498;0,2675;0,55;37,45;20,5975;0;;0;1;0,2391;0,4065;16,1591;0;0;0;;;;;;;
11/02/2015;Inicial;42;16,47;2,96;9,56;3,4;1,85;14,06;50,69;0;0;0,15;0,225;0,15;1,2;1,22;0;0,475;1;0,525;20;14,245339;9;0,0785;0,0836;0;14,5399;0,2336;0,432153;0,275;0,55;38,5;21,175;0;;0;1;0,2336;0,4322;16,5912;0,432153;0;0;;;;;;;
12/02/2015;Inicial;43;11,6;4;8,6;2,8;1,2;2,55;61,75;0;0;0,15;0,229167;0,15;1,2;1,18;0;0,485833;1;0,514167;20;14,539916;9;0,0745;0,077;0;14,7196;0,227;0,272368;0,2825;0,55;39,55;21,7525;0;;0;1;0,227;0,2724;16,8636;0,704521;0;0;;;;;;;
13/02/2015;Inicial;44;12,79;0,96;7,18;2,8;1,8;14,78;48,16;0;0;0,15;0,233333;0,15;1,2;1,21;0;0,496667;1;0,503333;20;14,719561;9;0,072;0,0763;0;14,9923;0,2263;0,407258;0,29;0,55;40,6;22,33;0;;0;1;0,2263;0,4073;17,2708;1,111778;0;0;;;;;;;
14/02/2015;Inicial;45;13,75;3,74;8,8;4,1;1,6;6,75;53,74;0;0;0,15;0,2375;0,15;1,2;1,22;0;0,5075;1;0,4925;20;14,992258;9;0,0683;0,0733;0;15,2303;0,2233;0,357226;0,2975;0,55;41,65;22,9075;0;;0;1;0,2233;0,3572;17,6281;1,469005;0;0;;;;;;;
15/02/2015;Inicial;46;16,56;3,42;10,06;2,4;1,8;14,84;51,84;0;0;0,15;0,241667;0,15;1,1;1,09;7,6;0,518333;1;0,481667;20;8,770282;9;0,065;0,0614;0;8,9999;0,2114;0,380597;0,305;0,55;42,7;23,485;6,46;7,6;0;1;0,2114;0,3806;11,5487;1,849602;7,6;0;;;;;;;
16/02/2015;Inicial;47;17,58;2,05;9,07;1;1,3;11,12;50,04;0;0;0,15;0,245833;0,15;1,1;1,07;0;0,529167;1;0,470833;20;8,999895;9;1;0,5045;0;10,393;0,6545;0,85091;0,3125;0,55;43,75;24,0625;0;;0;1;0,6545;0,8509;12,3996;2,700512;7,6;0;;;;;;;
17/02/2015;Inicial;48;16,45;3,25;9,57;2,2;1,8;13,63;50,31;0;0;0,15;0,25;0,15;1,15;1,14;0;0,54;1;0,46;20;10,392978;9;0,131;0,1302;0;10,9024;0,2802;0,504329;0,32;0,55;44,8;24,64;0;;0;1;0,2802;0,5043;12,9039;3,204841;7,6;0;;;;;;;
18/02/2015;Inicial;49;13,05;3,75;8,6;1,1;1,25;11,58;56,68;0;0;0,15;0,254167;0,15;1,15;1,11;0;0,550833;1;0,449167;20;10,902389;9;0,1241;0,1192;0;11,234;0,2692;0,336457;0,3275;0,55;45,85;25,2175;0;;0;1;0,2692;0,3365;13,2404;3,541298;7,6;0;;;;;;;
19/02/2015;Inicial;50;14,56;1,84;7,85;1,1;1,6;16,7;42,76;0;0;0,15;0,258333;0,15;1,2;1,19;0;0,561667;1;0,438333;20;11,234019;9;0,1195;0,124;0;11,6865;0,274;0,438342;0,335;0,55;46,9;25,795;0;;0;1;0,274;0,4383;13,6787;3,97964;7,6;0;;;;;;;
20/02/2015;Inicial;51;15,91;2,52;9,09;3,4;2,5;14,91;41,76;0;0;0,15;0,2625;0,15;1,2;1,23;0;0,5725;1;0,4275;20;11,68651;9;0,1134;0,1228;0;12,4046;0,2728;0,681998;0,3425;0,55;47,95;26,3725;0;;0;1;0,2728;0,682;14,3607;0;7,6;0;;;;;;;
21/02/2015;Inicial;52;14,18;0,4;7,19;3,1;2,4;13,91;28,95;0;0;0,15;0,266667;0,15;1,1;1,15;6,3;0,583333;1;0,416667;20;7,049633;9;0,1036;0,1038;0;7,6476;0,2538;0,60916;0,35;0,55;49;26,95;5,355;6,3;0;1;0,2538;0,6092;9,6149;0,60916;13,9;0;;;;;;;
22/02/2015;Inicial;53;14,59;-2,77;5,74;3,2;2,5;17,69;25,16;0;0;0,15;0,270833;0,15;1,1;1,16;0;0,594167;1;0,405833;20;7,647617;9;1;0,4715;0;10,5524;0,6215;1,553851;0,35;0,55;49;26,95;0;;0;1;0,6215;1,5539;11,1687;2,163011;13,9;0;;;;;;;
23/02/2015;Inicial;54;13,51;-3,39;4,81;0,9;1,6;18,14;21,99;0;0;0,15;0,275;0,15;1,15;1,17;0;0,605;1;0,395;20;10,552384;9;0,1288;0,1319;0;11,0865;0,2819;0,450966;0,35;0,55;49;26,95;0;;0;1;0,2819;0,451;11,6197;2,613977;13,9;0;;;;;;;
24/02/2015;Inicial;55;16,87;-4,03;6,57;1,2;1,95;17,86;21,06;0;0;0,15;0,279167;0,15;1,15;1,18;0;0,615833;1;0,384167;20;11,086475;9;0,1215;0,1254;0;11,7227;0,2754;0,536932;0,35;0,55;49;26,95;0;;0;1;0,2754;0,5369;12,1566;3,150909;13,9;0;;;;;;;
25/02/2015;Inicial;56;16,71;-1,13;7,84;1,5;2,4;18,15;14,6;0;0;0,15;0,283333;0,15;1,2;1,25;0;0,626667;1;0,373333;20;11,722741;9;0,1129;0,1242;0;12,5209;0,2742;0,657995;0,35;0,55;49;26,95;0;;0;1;0,2742;0,658;12,8146;3,808904;13,9;0;;;;;;;
26/02/2015;Inicial;57;15,79;-0,42;7,66;1,2;2,2;18,28;20,76;0;0;0,15;0,2875;0,15;1,2;1,23;0;0,6375;1;0,3625;20;12,520942;9;0,102;0,1104;0;13,1907;0,2604;0,572804;0,35;0,55;49;26,95;0;;0;1;0,2604;0,5728;13,3874;4,381708;13,9;0;;;;;;;
27/02/2015;Inicial;58;12,42;2,44;7,86;1,8;2,05;3,09;49,03;0;0;0,15;0,291667;0,15;1,2;1,19;0;0,648333;1;0,351667;20;13,190746;9;0,0929;0,0964;0;13,7526;0,2464;0,505086;0,35;0,55;49;26,95;0;;0;1;0,2464;0,5051;13,8925;4,886794;13,9;0;;;;;;;
28/02/2015;Inicial;59;18,71;3,71;10,78;3,9;2,2;6,75;38,58;0;0;0,15;0,295833;0,15;1,2;1,25;0;0,659167;1;0,340833;20;13,752602;9;0,0852;0,0938;0;14,3579;0,2438;0,536304;0,35;0,55;49;26,95;0;;0;1;0,2438;0,5363;14,4288;5,423099;13,9;0;;;;;;;
01/03/2015;Inicial;60;14,66;6,82;10,59;4,9;2,2;6,51;51,82;0;0;0,15;0,3;0,15;1,1;1,14;7,6;0,67;1;0,33;20;7,897896;9;0,0769;0,0765;0;8,408;0,2265;0,498325;0,35;0,55;49;26,95;6,46;7,6;0;1;0,2265;0,4983;8,4671;5,921424;21,5;0;;;;;;;
02/03/2015;Inicial;61;13,54;5,74;9,46;4,6;2,2;3,39;57,46;0;0;0,15;0,304167;0,15;1,1;1,13;0;0,680833;1;0,319167;20;8,407973;9;1;0,3598;0;10,8879;0,5098;1,121516;0,35;0,55;49;26,95;0;;0;1;0,5098;1,1215;9,5886;0;21,5;0;;;;;;;
03/03/2015;Inicial;62;15,51;5,96;10,49;4,2;2,45;11,2;51,04;0;0;0,15;0,308333;0,15;1,15;1,18;0;0,691667;1;0,308333;20;10,887917;9;0,1243;0,1283;0;11,9071;0,2783;0,681747;0,35;0,55;49;26,95;0;;0;1;0,2783;0,6817;10,2704;0,681747;21,5;0;;;;;;;
04/03/2015;Inicial;63;14,64;8,25;11,19;2,9;2,1;10,21;53,15;0;0;0,15;0,3125;0,15;1,15;1,15;0;0,7025;1;0,2975;20;11,907096;9;0,1104;0,1105;0;12,6874;0,2605;0,54715;0,35;0,55;49;26,95;0;;0;1;0,2605;0,5472;10,8175;1,228897;21,5;0;;;;;;;
05/03/2015;Inicial;64;13,85;6,27;10,06;5,1;1,5;9,84;60,16;0;0;0,15;0,316667;0,15;1,2;1,23;0;0,713333;1;0,286667;20;12,687434;9;0,0997;0,1079;0;13,2521;0,2579;0,38688;0,35;0,55;49;26,95;0;;0;1;0,2579;0,3869;11,2044;1,615777;21,5;0;;;;;;;
06/03/2015;Inicial;65;11,98;4,96;8,27;5,9;2,2;16,13;44,63;0;0;0,15;0,320833;0,15;1,2;1,28;0;0,724167;1;0,275833;20;13,252132;9;0,092;0,104;0;14,0818;0,254;0,55886;0,35;0,55;49;26,95;0;;0;1;0,254;0,5589;11,7633;2,174638;21,5;0;;;;;;;
07/03/2015;Inicial;66;13,88;2,89;8,11;2,4;2,4;17,99;32,69;0;0;0,15;0,325;0,15;1,2;1,23;0;0,735;1;0,265;20;14,081837;9;0,0807;0,0874;0;14,8738;0,2374;0,569857;0,35;0,55;49;26,95;0;;0;1;0,2374;0,5699;12,3331;2,744495;21,5;0;;;;;;;
08/03/2015;Inicial;67;16,96;2,97;10,22;3,3;1,5;7,48;45,08;0;0;0,15;0,329167;0,15;1,1;1,13;6,3;0,745833;1;0,254167;20;9,518751;9;0,0699;0,0683;0;9,9217;0,2183;0,327405;0,35;0,55;49;26,95;5,355;6,3;0;1;0,2183;0,3274;7,3055;3,0719;27,8;0;;;;;;;
09/03/2015;Inicial;68;18,08;6,28;12,28;2,6;3,15;16,6;35,44;0;0;0,15;0,333333;0,15;1,1;1,13;0;0,756667;1;0,243333;20;9,921656;9;0,1374;0,135;0;11,6691;0,285;0,897702;0,35;0,55;49;26,95;0;;0;1;0,285;0,8977;8,2032;3,969602;27,8;0;;;;;;;
10/03/2015;Inicial;69;21,54;7,48;13,98;3,2;3,4;11,32;32,11;0;0;0,15;0,3375;0,15;1,15;1,2;0;0,7675;1;0,2325;20;11,66906;9;0,1136;0,1195;0;13,4163;0,2695;0,916222;0,35;0,55;49;26,95;0;;0;1;0,2695;0,9162;9,1195;4,885824;27,8;0;;;;;;;
11/03/2015;Inicial;70;19,35;5,83;12,27;5,5;2,55;13,15;40,21;0;0;0,15;0,341667;0,15;1,15;1,23;0;0,778333;1;0,221667;20;13,416253;9;0,0898;0,0972;0;14,5347;0,2472;0,630423;0,35;0,55;49;26,95;0;;0;1;0,2472;0,6304;9,7499;5,516247;27,8;0;;;;;;;
12/03/2015;Inicial;71;20,15;6,45;13,1;5,9;3,55;16,06;32,47;0;0;0,15;0,345833;0,15;1,2;1,31;0;0,789167;1;0,210833;20;14,534703;9;0,0745;0,0863;0;15,9876;0,2363;0,838822;0,35;0,55;49;26,95;0;;0;1;0,2363;0,8388;10,5887;0;27,8;0;;;;;;;
13/03/2015;Desarrollo;72;19,45;6,05;13,12;2,5;2,9;12,63;38,65;0;0;0,167273;0,35;0,15;1,2;1,22;0;0,8;1;0,2;20;15,987612;9;0,0547;0,0578;0;16,8258;0,2251;0,652737;0,35;0,55;49;26,95;0;;0;1;0,2251;0,6527;11,2414;0,652737;27,8;0;;;;;;;
14/03/2015;Desarrollo;73;18,59;6,38;12,79;3,5;2,45;8,86;41,66;0;0;0,184545;0,356481;0,15;1,2;1,24;0;0,8;1;0,2;20;16,82584;9;0,0433;0,0456;0;17,3848;0,2302;0,563927;0,35;0,55;49;26,95;0;;0;1;0,2302;0,5639;11,8054;1,216664;27,8;0;;;;;;;
15/03/2015;Desarrollo;74;15,76;7,49;11,3;4,1;2,55;13,59;46,66;0;0;0,201818;0,362963;0,15;1,1;1,14;8,4;0,8;1;0,2;20;10,244793;9;0,0357;0,0335;0;10,6719;0,2353;0,600048;0,35;0,55;49;26,95;7,14;8,4;0;1;0,2353;0,6;5,2654;1,816711;36,2;0;;;;;;;
16/03/2015;Desarrollo;75;11,09;2,83;6,58;3,3;1,8;14,05;60,46;0;0;0,219091;0,369444;0,15;1,1;1,09;0;0,8;1;0,2;20;10,67185;9;0,1272;0,1114;0;11,6743;0,3305;0,594859;0,35;0,55;49;26,95;0;;0;1;0,3305;0,5949;5,8603;2,41157;36,2;0;;;;;;;
17/03/2015;Desarrollo;76;11,56;2,59;6,58;5,2;1,65;10,48;66,49;0;0;0,236364;0,375926;0,15;1,15;1,17;0;0,8;1;0,2;20;11,674326;9;0,1135;0,1063;0;12,5512;0,3426;0,565371;0,35;0,55;49;26,95;0;;0;1;0,3426;0,5654;6,4257;2,976941;36,2;0;;;;;;;
18/03/2015;Desarrollo;77;13,09;4,16;8,35;3,5;2;15,98;48,58;0;0;0,253636;0,382407;0,15;1,15;1,17;0;0,8;1;0,2;20;12,551181;9;0,1016;0,0935;0;13,4867;0,3472;0,69437;0,35;0,55;49;26,95;0;;0;1;0,3472;0,6944;7,12;3,671311;36,2;0;;;;;;;
19/03/2015;Desarrollo;78;13,59;2,71;8,17;5,2;2;15,54;57,1;0;0;0,270909;0,388889;0,15;1,2;1,24;0;0,8;1;0,2;20;13,486668;9;0,0888;0,0864;0;14,3502;0,3573;0,714521;0,35;0,55;49;26,95;0;;0;1;0,3573;0,7145;7,8345;4,385832;36,2;0;;;;;;;
20/03/2015;Desarrollo;79;11,98;2,25;7,24;4,4;2,1;14;49,22;0;0;0,288182;0,39537;0,15;1,2;1,24;0;0,8;1;0,2;20;14,35018;9;0,077;0,0736;0;15,1226;0,3617;0,759673;0,35;0,55;49;26,95;0;;0;1;0,3617;0,7597;8,5942;5,145505;36,2;0;;;;;;;
21/03/2015;Desarrollo;80;12,3;0,35;5,82;3,5;3,4;22,05;44,87;0;0;0,305455;0,401852;0,15;1,2;1,23;0;0,8;1;0,2;20;15,122638;9;0,0665;0,0617;0;16,1715;0,3672;1,248317;0,35;0,55;49;26,95;0;;0;1;0,3672;1,2483;9,8425;6,393823;36,2;0;;;;;;;
22/03/2015;Desarrollo;81;12,18;-1,2;5,36;3,3;3,1;23,27;34,63;0;0;0,322727;0,408333;0,15;1,2;1,25;0;0,8;1;0,2;20;16,171497;9;0,0522;0,0485;0;16,923;0,3712;1,150751;0,35;0,55;49;26,95;0;;0;1;0,3712;1,1508;10,9933;0;36,2;0;;;;;;;
23/03/2015;Desarrollo;82;13,53;3,65;8,56;4,8;2,55;17,2;53,37;0;0;0,34;0,414815;0,15;1,2;1,24;0;0,8;1;0,2;20;16,922978;9;0,042;0,0379;0;17,4063;0,3779;0,963659;0,35;0,55;49;26,95;0;;0;1;0,3779;0,9637;11,9569;0,963659;36,2;0;;;;;;;
24/03/2015;Desarrollo;83;9,91;2,52;6,74;7,3;1,8;15,16;64,53;0;0;0,357273;0,421296;0,15;1,2;1,27;0;0,8;1;0,2;20;17,406271;9;0,0354;0,0324;0;17,6982;0,3897;0,701473;0,35;0,55;49;26,95;0;;0;1;0,3897;0,7015;12,6584;1,665131;36,2;0;;;;;;;
25/03/2015;Desarrollo;84;10,61;3,19;6,63;3,7;2,2;16,21;44,8;0;0;0,374545;0,427778;0,15;1,2;1,24;0;0,8;1;0,2;20;17,69818;9;0,0314;0,0271;0;17,9964;0,4017;0,883651;0,35;0,55;49;26,95;0;;0;1;0,4017;0,8837;13,5421;2,548782;36,2;0;;;;;;;
26/03/2015;Desarrollo;85;13,8;1,3;7,72;3,5;2,75;19,13;43,89;0;0;0,391818;0,434259;0,15;1,2;1,24;0;0,8;1;0,2;20;17,996434;9;0,0273;0,0231;0;18,3136;0,4149;1,140933;0,35;0,55;49;26,95;0;;0;1;0,4149;1,1409;14,683;3,689715;36,2;0;;;;;;;
27/03/2015;Desarrollo;86;13,56;0,48;7,49;2,6;2,5;23,49;52,45;0;0;0,409091;0,440741;0,15;1,2;1,2;0;0,8;1;0,2;20;18,3136;9;0,023;0,0181;0;18,54;0,4272;1,06801;0,35;0,55;49;26,95;0;;0;1;0,4272;1,068;15,751;4,757725;36,2;0;;;;;;;
28/03/2015;Desarrollo;87;15,42;0,79;8,66;2,3;2,8;23,76;47,5;0;0;0,426364;0,447222;0,15;1,2;1,2;0;0,8;1;0,2;20;18,540012;9;0,0199;0,0154;0;18,756;0,4418;1,237007;0,35;0,55;49;26,95;0;;0;1;0,4418;1,237;16,988;5,994732;36,2;0;;;;;;;
29/03/2015;Desarrollo;88;15,95;2,05;8,95;3,4;3,1;22,88;39,53;0;0;0,443636;0,453704;0,15;1,2;1,24;0;0,8;1;0,2;20;18,755956;9;0,017;0,0136;0;18,9665;0,4572;1,417373;0,35;0,55;49;26,95;0;;0;1;0,4572;1,4174;18,4054;7,412105;36,2;0;;;;;;;
30/03/2015;Desarrollo;89;11,75;4,83;8,04;4,9;2,25;17,36;49,87;0;0;0,460909;0,460185;0,15;1,2;1,26;0;0,8;1;0,2;20;18,966457;9;0,0141;0,0112;0;19,0924;0,4721;1,062227;0,35;0,55;49;26,95;0;;0;1;0,4721;1,0622;19,4676;8,474332;36,2;0;;;;;;;
31/03/2015;Desarrollo;90;11,94;2,56;7,2;4,8;2,35;20,57;56,1;0;0;0,478182;0,466667;0,15;1,2;1,24;0;0,8;1;0,2;20;19,092364;9;0,0124;0,0094;0;19,203;0,4876;1,145847;0,35;0,55;49;26,95;0;;0;1;0,4876;1,1458;20,6135;9,620179;36,2;0;;;;;;;
01/04/2015;Desarrollo;91;13,53;3,02;8,52;2,3;2,55;21,94;44,51;0;0;0,495455;0,473148;0,15;1,2;1,21;0;0,8;1;0,2;20;19,202962;9;0,0109;0,0077;0;19,3017;0,5032;1,283158;0,35;0,55;49;26,95;0;;0;1;0,5032;1,2832;21,8966;0;36,2;0;;;;;;;
02/04/2015;Desarrollo;92;14,61;2,9;8,93;2;2,65;20,59;48,06;0;0;0,512727;0,47963;0,15;1,2;1,19;0;0,8;1;0,2;20;19,301707;9;0,0095;0,0065;0;19,3875;0,5192;1,375892;0,35;0,55;49;26,95;0;;0;1;0,5192;1,3759;23,2725;1,375892;36,2;0;;;;;;;
03/04/2015;Desarrollo;93;16,22;3,73;10,23;1,5;2,75;21,92;51,99;0;0;0,53;0,486111;0,15;1,2;1,17;0;0,8;1;0,2;20;19,387529;9;0,0084;0,0054;0;19,4613;0,5354;1,47225;0,35;0,55;49;26,95;0;;0;1;0,5354;1,4723;24,7448;2,848142;36,2;0;;;;;;;
04/04/2015;Desarrollo;94;17,46;2,82;10,51;1,3;3,35;22,76;38,59;0;0;0,547273;0,492593;0,15;1,1;1,1;12,6;0,8;1;0,2;20;8,751279;9;0,0073;0,0041;0;8,8191;0,5513;1,846932;0,35;0,55;49;26,95;10,71;12,6;0;1;0,5513;1,8469;15,8817;4,695074;48,8;0;;;;;;;
05/04/2015;Desarrollo;95;19,42;7,65;13,06;1,7;3,45;22,63;41,18;0;0;0,564545;0,499074;0,15;1,1;1,1;9,4;0,8;1;0,2;20;0,829123;9;1;0,2204;0;4,6307;0,7849;2,708003;0,35;0,55;49;26,95;7,99;9,4;0;1;0,7849;2,708;10,5997;7,403077;58,2;0;;;;;;;
06/04/2015;Desarrollo;96;20,28;5,46;13,12;2,3;3,25;18,94;47,24;0;0;0,581818;0,505556;0,15;1,1;1,1;0;0,8;1;0,2;20;4,630728;9;1;0,2204;0;8,2115;0,8022;2,607061;0,35;0,55;49;26,95;0;;0;1;0,8022;2,6071;13,2068;10,010138;58,2;0;;;;;;;
07/04/2015;Desarrollo;97;16,46;6,46;11,73;3,1;3,3;18,62;38,78;0;0;0,599091;0,512037;0,15;1,15;1,19;0;0,8;1;0,2;20;8,21149;9;1;0,2381;0;12,1402;0,8372;2,762747;0,35;0,55;49;26,95;0;;0;1;0,8372;2,7627;15,9695;12,772886;58,2;0;;;;;;;
08/04/2015;Desarrollo;98;17,56;4,38;10,75;2,7;3,65;27,6;33,42;0;0;0,616364;0,518519;0,15;1,15;1,19;0;0,8;1;0,2;20;12,140226;9;0,1072;0,0619;0;13,2699;0,6783;2,475661;0,35;0,55;49;26,95;0;;0;1;0,6783;2,4757;18,4452;15,248547;58,2;0;;;;;;;
09/04/2015;Desarrollo;99;18,82;4,16;11,84;2,5;3,8;26,9;35,16;0;0;0,633636;0,525;0,15;1,2;1,24;0;0,8;1;0,2;20;13,269895;9;0,0918;0,0552;0;14,3188;0,6888;2,617606;0,35;0,55;49;26,95;0;;0;1;0,6888;2,6176;21,0628;17,866152;58,2;0;;;;;;;
10/04/2015;Desarrollo;100;16,97;6,56;11,21;3,7;3,45;20,02;39,27;0;0;0,650909;0,531481;0,15;1,2;1,25;0;0,8;1;0,2;20;14,318832;9;0,0775;0,0467;0;15,1249;0,6976;2,406855;0,35;0,55;49;26,95;0;;0;1;0,6976;2,4069;23,4696;20,273007;58,2;0;;;;;;;
11/04/2015;Desarrollo;101;14,03;3,92;9,17;4,2;2,8;14,97;44,2;0;0;0,668182;0,537963;0,15;1,2;1,25;0;0,8;1;0,2;20;15,124924;9;0,0665;0,039;0;15,6706;0,7072;1,980041;0,35;0,55;49;26,95;0;;0;1;0,7072;1,98;25,4497;0;58,2;0;;;;;;;
12/04/2015;Desarrollo;102;15,79;4,58;10,23;3,3;3,4;26,15;34,27;0;0;0,685455;0,544444;0,15;1,1;1,16;11;0,8;1;0,2;20;6,320582;9;0,059;0,0278;0;6,7937;0,7133;2,425176;0,35;0,55;49;26,95;9,35;11;0;1;0,7133;2,4252;18,5248;2,425176;69,2;0;;;;;;;
13/04/2015;Desarrollo;103;17,55;4,96;11,36;2,2;3,6;28,39;39,64;0;0;0,702727;0,550926;0,15;1,1;1,12;0;0,8;1;0,2;20;6,793733;9;1;0,2235;0;10,8175;0,9263;3,33457;0,35;0,55;49;26,95;0;;0;1;0,9263;3,3346;21,8594;5,759745;69,2;0;;;;;;;
14/04/2015;Desarrollo;104;17,9;4,97;12,03;1,8;3;20,2;50,15;0;0;0,72;0,557407;0,15;1,15;1,13;0;0,8;1;0,2;20;10,81749;9;0,1252;0,0517;0;11,5927;0,7717;2,31504;0,35;0,55;49;26,95;0;;0;1;0,7717;2,315;24,1745;8,074785;69,2;0;;;;;;;
15/04/2015;Desarrollo;105;15,32;6,49;10,73;3,1;2,7;21,64;51,59;0;0;0,737273;0,563889;0,15;1,15;1,16;0;0,8;1;0,2;20;11,592689;9;0,1146;0,0485;0;12,248;0,7858;2,121701;0,35;0,55;49;26,95;0;;0;1;0,7858;2,1217;26,2962;10,196486;69,2;0;;;;;;;
16/04/2015;Desarrollo;106;18,03;4,85;11,17;2,8;3,45;19,78;42,77;0;0;0,754545;0,57037;0,15;1,2;1,22;0;0,8;1;0,2;20;12,248015;9;0,1057;0,0497;0;13,1056;0,8043;2,774708;0,35;0,55;49;26,95;0;;0;1;0,8043;2,7747;29,0709;12,971194;69,2;0;;;;;;;
17/04/2015;Desarrollo;107;17,72;6,89;12,13;1,9;3,2;17,8;46,95;0;0;0,771818;0,576852;0,15;1,1;1,09;12,6;0,8;1;0,2;20;2,395645;9;0,094;0,0302;0;2,8785;0,802;2,566387;0,35;0,55;49;26,95;10,71;12,6;0;0,9038;0,7278;2,3288;20,6897;15,537581;81,8;0;;;;;;;
18/04/2015;Desarrollo;108;17,43;7,89;12,13;1,6;2,75;17,63;55,64;0;0;0,789091;0,583333;0,15;1,1;1,06;0;0,8;1;0,2;20;2,878487;9;1;0,2128;0;5,8049;1,0019;2,755288;0,35;0,55;49;26,95;0;;0;1;1,0019;2,7553;23,445;18,292869;81,8;0;;;;;;;
19/04/2015;Desarrollo;109;17,24;6,58;11,54;1,4;2,6;11,36;64,32;0;0;0,806364;0,589815;0,15;1,15;1,09;0;0,8;1;0,2;20;5,804927;9;1;0,2176;0;8,6333;1,0239;2,662214;0,35;0,55;49;26,95;0;;0;1;1,0239;2,6622;26,1072;20,955083;81,8;0;;;;;;;
20/04/2015;Desarrollo;110;17,62;5,43;11,42;1,4;3,4;20,03;42,44;0;0;0,823636;0,596296;0,15;1,15;1,14;0;0,8;1;0,2;20;8,633272;9;1;0,2283;0;12,5145;1,0519;3,576604;0,35;0,55;49;26,95;0;;0;1;1,0519;3,5766;29,6838;24,531687;81,8;0;;;;;;;
21/04/2015;Desarrollo;111;17,05;3,5;10,3;1,2;3,05;24,14;50,08;0;0;0,840909;0,602778;0,15;1,2;1,17;0;0,8;1;0,2;20;12,514473;9;0,1021;0,0334;0;13,0231;0,8743;2,666502;0,35;0,55;49;26,95;0;;0;0,876;0,77;2,3485;32,0323;0;81,8;0;;;;;;;
22/04/2015;Desarrollo;112;18,73;4,47;11,8;0,8;3,15;26,61;39,15;0;0;0,858182;0,609259;0,15;1,2;1,18;0;0,8;1;0,2;20;13,02312;9;0,0951;0,0311;0;13,5125;0,8893;2,80114;0,35;0,55;49;26,95;0;;0;0,7695;0,6914;2,1781;34,2104;2,80114;81,8;0;;;;;;;
23/04/2015;Desarrollo;113;21,46;5,43;13,32;0,8;3,85;29,03;36,62;0;0;0,875455;0,615741;0,15;1,2;1,19;0;0,8;1;0,2;20;13,512456;9;0,0885;0,0279;0;14,0498;0,9034;3,477975;0,35;0,55;49;26,95;0;;0;0,6707;0,6151;2,3682;36,5786;6,279115;81,8;0;;;;;;;
24/04/2015;Desarrollo;114;22,72;5,19;14,33;0,6;4,15;29,08;29,6;0;0;0,892727;0,622222;0,15;1,2;1,2;0;0,8;1;0,2;20;14,04983;9;0,0811;0,0252;0;14,5731;0,9179;3,809464;0,35;0,55;49;26,95;0;;0;0,5633;0,5281;2,1917;38,7702;10,088579;81,8;0;;;;;;;
25/04/2015;Desarrollo;115;20,2;6,8;13,42;1,9;3,85;21,78;33,92;0;0;0,91;0,628704;0,15;1,1;1,13;12,6;0,8;1;0,2;20;3,863059;9;0,074;0,0159;0;4,1697;0,9259;3,56482;0,35;0,55;49;26,95;10,71;12,6;0;0,4639;0,4381;1,6867;29,747;13,653398;94,4;0;;;;;;;
26/04/2015;Desarrollo;116;17,78;8,12;12,95;2,2;3,9;24,11;39,54;0;0;0,927273;0,635185;0,15;1,1;1,12;0;0,8;1;0,2;20;4,169658;9;1;0,1915;0;7,903;1,1187;4,36304;0,35;0,55;49;26,95;0;;0;0,8732;1,0011;3,9043;33,6513;18,016438;94,4;0;;;;;;;
27/04/2015;Desarrollo;117;18,23;5,19;12,36;2,3;3,85;27,99;40,91;0;0;0,944545;0,641667;0,15;1,1;1,12;12,6;0,8;1;0,2;20;0;9;1;0,1733;2,807;3,3364;1,1179;4,303789;0,35;0,55;49;26,95;10,71;12,6;0;0,6961;0,8308;3,1986;26,1399;22,320227;107;0;;;;;;;
28/04/2015;Desarrollo;118;17,19;8,06;12,32;3;3,65;20,23;41,54;0;0;0,961818;0,648148;0,15;1,1;1,13;0;0,8;1;0,2;20;3,336444;9;1;0,1722;0;6,4788;1,134;4,139098;0,35;0,55;49;26,95;0;;0;1;1,134;4,1391;30,279;26,459325;107;0;;;;;;;
29/04/2015;Desarrollo;119;20,48;5,73;13,1;1,6;4,75;30,26;31,52;0;0;0,979091;0,65463;0,15;1,15;1,17;0;0,8;1;0,2;20;6,478751;9;1;0,1949;0;11,1081;1,174;5,576548;0,35;0,55;49;26,95;0;;0;0,849;1,0262;4,8744;35,1534;32,035872;107;0;;;;;;;
30/04/2015;Desarrollo;120;19,64;8,17;14,56;1,9;3,85;20,92;36,4;0;0;0,996364;0,661111;0,15;1,15;1,17;0;0,8;1;0,2;20;11,10808;9;0,1213;0,021;0;11,5118;1,0173;3,916737;0,35;0,55;49;26,95;0;;0;0,628;0,6467;2,4896;37,643;35,95261;107;0;;;;;;;
01/05/2015;Desarrollo;121;20,38;6,46;13,52;0,7;4,15;21,65;39,27;0;0;1,013636;0,667593;0,15;1,1;1,08;12,6;0,8;1;0,2;20;0,801767;9;0,1157;0,0079;0;0,9647;1,0215;4,239172;0,35;0,55;49;26,95;10,71;12,6;0;0,5151;0,5299;2,1992;29,1322;0;119,6;0;;;;;;;
02/05/2015;Desarrollo;122;22,91;6,94;14,93;1;4,35;27,35;32,8;0;0;1,030909;0,674074;0,15;1,1;1,11;0;0,8;1;0,2;20;0,964672;9;1;0,0747;0;2,5897;1,1056;4,809451;0,35;0,55;49;26,95;0;;0;0,901;1,0036;4,3656;33,4979;4,809451;119,6;0;;;;;;;
03/05/2015;Desarrollo;123;24,53;5,57;15,48;1,1;4,45;26,5;32,17;0;0;1,048182;0,680556;0,15;1,1;1,11;12,6;0,8;1;0,2;20;0;9;1;0,0616;8,1203;1,3715;1,1098;4,938714;0,35;0,55;49;26,95;10,71;12,6;0;0,703;0,7986;3,5536;26,3414;9,748164;132,2;0;;;;;;;
04/05/2015;Desarrollo;124;25,1;10,26;17,66;1,1;5,6;25,33;27,82;0;0;1,065455;0,687037;0,15;1,1;1,12;12,6;0,8;1;0,2;20;0;9;1;0,0556;9,3385;1,556;1,121;6,277749;0,35;0,55;49;26,95;10,71;12,6;0;1;1,121;6,2777;21,9092;16,025913;144,8;0;;;;;;;
05/05/2015;Desarrollo;125;25,73;8,37;17,35;1,1;5,3;29,65;25,38;0;0;1,082727;0,693519;0,15;1,1;1,13;0;0,8;1;0,2;20;1,556017;9;1;0,05;0;2,881;1,1327;6,003455;0,35;0,55;49;26,95;0;;0;1;1,1327;6,0035;27,9127;22,029368;144,8;0;;;;;;;
06/05/2015;Mediados;126;25,72;7,36;17,36;1,1;5,15;28,5;23,32;0;0;1,1;0,7;0,15;1,15;1,18;0;0,8;1;0,2;20;2,881017;9;1;0,0828;0;5,0126;1,1828;6,091319;0,35;0,55;49;26,95;0;;0;0,9563;1,1348;5,844;33,7567;28,120687;144,8;0;;;;;;;
07/05/2015;Mediados;127;25,26;12,22;18,74;1,1;5,1;27,65;31,69;0;0;1,1;0,7;0,15;1,15;1,16;0;0,8;1;0,2;20;5,012613;9;1;0,0611;0;6,5715;1,1611;5,921779;0,35;0,55;49;26,95;0;;0;0,6913;0,8216;4,19;37,9467;34,042466;144,8;0;;;;;;;
08/05/2015;Mediados;128;26,44;5,74;19,51;1;4,5;14,59;13,62;0;0;1,1;0,7;0,15;1,1;1,16;12,6;0,8;1;0,2;20;0;9;1;0,0553;4,1385;1,2437;1,1553;5,198732;0,35;0,55;49;26,95;10,71;12,6;0;0,5013;0,6067;2,7301;29,9668;39,241198;157,4;0;;;;;;;
09/05/2015;Mediados;129;26,73;11,51;19,37;1,6;5,15;27,83;29,22;0;0;1,1;0,7;0,15;1,1;1,15;0;0,8;1;0,2;20;1,243658;9;1;0,05;0;2,5312;1,15;5,9225;0,35;0,55;49;26,95;0;;0;0,8632;0,9995;5,1474;35,1142;45,163698;157,4;0;;;;;;;
10/05/2015;Mediados;130;21,91;11,67;16,69;1,4;4,85;24,59;32,82;0;0;1,1;0,7;0,15;1,1;1,15;12,6;0,8;1;0,2;20;0;9;1;0,05;8,1788;1,2125;1,15;5,5775;0,35;0,55;49;26,95;10,71;12,6;0;0,6297;0,7427;3,6022;28,0064;50,741198;170;0;;;;;;;
11/05/2015;Mediados;131;22,8;8,89;16,14;1,2;4,35;28,69;39,2;0;0;1,1;0,7;0,15;1,1;1,15;0;0,8;1;0,2;20;1,2125;9;1;0,05;0;2,3;1,15;5,0025;0,35;0,55;49;26,95;0;;0;0,9521;1,0973;4,7733;32,7796;0;170;0;;;;;;;
12/05/2015;Mediados;132;17,21;9,53;13,25;1,9;2,45;18,3;65,83;0;0;1,1;0,7;0,15;1,15;1,15;0;0,8;1;0,2;20;2,3;9;1;0,05;0;2,9125;1,15;2,8175;0,35;0,55;49;26,95;0;;0;0,7356;0,8592;2,105;34,8846;2,8175;170;0;;;;;;;
13/05/2015;Mediados;133;20,13;9,01;14,22;1,9;4,15;23,45;44,72;0;0;1,1;0,7;0,15;1,1;1,15;12,6;0,8;1;0,2;20;0;9;1;0,05;7,7975;1,0375;1,15;4,7725;0,35;0,55;49;26,95;10,71;12,6;0;0,6402;0,7542;3,1298;27,3044;7,59;182,6;0;;;;;;;
14/05/2015;Mediados;134;19,35;9,74;13,4;1,7;2,8;15,64;54,68;0;0;1,1;0,7;0,15;1,1;1,15;0;0,8;1;0,2;20;1,0375;9;1;0,05;0;1,7375;1,15;3,22;0,35;0,55;49;26,95;0;;0;0,9839;1,1323;3,1705;30,4749;10,81;182,6;0;;;;;;;
15/05/2015;Mediados;135;17,78;6,81;12,09;2,5;3,1;19,05;58,14;0;0;1,1;0,7;0,15;1,15;1,15;0;0,8;1;0,2;20;1,7375;9;1;0,05;0;2,5125;1,15;3,565;0,35;0,55;49;26,95;0;;0;0,8401;0,9742;3,0199;33,4948;14,375;182,6;0;;;;;;;
16/05/2015;Mediados;136;16,05;5,4;10,87;2,3;3,15;18,08;52,71;0;0;1,1;0,7;0,15;1,1;1,15;7,6;0,8;1;0,2;20;0;9;1;0,05;3,9475;0,7875;1,15;3,6225;0,35;0,55;49;26,95;6,46;7,6;0;0,7032;0,8235;2,594;29,6288;17,9975;190,2;0;;;;;;;
17/05/2015;Mediados;137;16,39;7,17;11,33;2,7;3,05;12,93;53,66;0;0;1,1;0,7;0,15;1,1;1,15;9,4;0,8;1;0,2;20;0;9;1;0,05;7,2025;0,7625;1,15;3,5075;0,35;0,55;49;26,95;7,99;9,4;0;0,8785;1,0164;3,0999;24,7387;21,505;199,6;0;;;;;;;
18/05/2015;Mediados;138;17,83;6,1;11,79;3,1;3,8;21,31;44,92;0;0;1,1;0,7;0,15;1,1;1,15;9,4;0,8;1;0,2;20;0;9;1;0,05;7,2275;0,95;1,15;4,37;0,35;0,55;49;26,95;7,99;9,4;0;1;1,15;4,37;21,1187;25,875;209;0;;;;;;;
19/05/2015;Mediados;139;20,54;6,32;13,13;2;4,3;23,31;30,5;0;0;1,1;0,7;0,15;1,1;1,15;0;0,8;1;0,2;20;0,95;9;1;0,05;0;2,025;1,15;4,945;0,35;0,55;49;26,95;0;;0;1;1,15;4,945;26,0637;30,82;209;0;;;;;;;
20/05/2015;Mediados;140;21,08;5,93;13,68;0,9;3,8;19,2;37,79;0;0;1,1;0,7;0,15;1,15;1,15;0;0,8;1;0,2;20;2,025;9;1;0,05;0;2,975;1,15;4,37;0,35;0,55;49;26,95;0;;0;1;1,15;4,37;30,4337;35,19;209;0;;;;;;;
21/05/2015;Mediados;141;24;7,34;15,55;1,3;4,7;23,63;29,02;0;0;1,1;0,7;0,15;1,1;1,15;12,6;0,8;1;0,2;20;0;9;1;0,05;7,735;1,175;1,15;5,405;0,35;0,55;49;26,95;10,71;12,6;0;0,842;0,9762;4,5882;24,3119;0;221,6;0;;;;;;;
22/05/2015;Mediados;142;26,39;8,3;17,67;1,9;5,5;29,46;28,75;0;0;1,1;0,7;0,15;1,1;1,15;6,3;0,8;1;0,2;20;0;9;1;0,05;4,18;1,375;1,15;6,325;0,35;0,55;49;26,95;5,355;6,3;0;1;1,15;6,325;25,2819;6,325;227,9;0;;;;;;;
23/05/2015;Mediados;143;26,61;10,85;18,71;2;5,95;31,48;25,29;0;0;1,1;0,7;0,15;1,1;1,15;6,3;0,8;1;0,2;20;0;9;1;0,051;3,98;1,5158;1,151;6,848161;0,35;0,55;49;26,95;5,355;6,3;0;1;1,151;6,8482;26,7751;13,173161;234,2;0;;;;;;;
24/05/2015;Mediados;144;26,19;9,32;18,46;1,5;5,9;29,59;26,1;0;0;1,1;0,7;0,15;1,1;1,15;6,3;0,8;1;0,2;20;0;9;1;0,05;3,8392;1,475;1,15;6,785;0,35;0,55;49;26,95;5,355;6,3;0;1;1,15;6,785;28,2051;19,958161;240,5;0;;;;;;;
25/05/2015;Mediados;145;25,72;8,86;17,89;1,2;5,65;31,06;30,64;0;0;1,1;0,7;0,15;1,1;1,15;5,4;0,8;1;0,2;20;0;9;1;0,05;3,115;1,4125;1,15;6,4975;0,35;0,55;49;26,95;4,59;5,4;0;0,9431;1,0874;6,1437;29,7588;26,455661;245,9;0;;;;;;;
26/05/2015;Mediados;146;23,73;12,2;17,67;2,7;5,05;27,59;43,91;0;0;1,1;0,7;0,15;1,1;1,15;0;0,8;1;0,2;20;1,4125;9;1;0,05;0;2,675;1,15;5,8075;0,35;0,55;49;26,95;0;;0;0,8726;1,0099;5,0999;34,8587;32,263161;245,9;0;;;;;;;
27/05/2015;Mediados;147;24,12;10,29;17,05;2,3;5,45;26,65;29,93;0;0;1,1;0,7;0,15;1,1;1,15;5,4;0,8;1;0,2;20;0;9;1;0,05;1,915;1,3625;1,15;6,2675;0,35;0,55;49;26,95;4,59;5,4;0;0,6413;0,7555;4,1173;34,386;38,530661;251,3;0;;;;;;;
28/05/2015;Mediados;148;22,03;10,36;16,5;2,6;5;22,7;35,67;0;0;1,1;0,7;0,15;1,1;1,15;9,4;0,8;1;0,2;20;0;9;1;0,05;6,6275;1,25;1,15;5,75;0,35;0,55;49;26,95;7,99;9,4;0;0,6628;0,779;3,8952;30,2912;44,280661;260,7;0;;;;;;;
29/05/2015;Mediados;149;23,35;8,35;16,18;2,7;5,75;30,25;22,27;0;0;1,1;0,7;0,15;1,1;1,18;0;0,8;1;0,2;20;1,25;9;1;0,0769;0;3,4598;1,1769;6,766951;0,35;0,55;49;26,95;0;;0;0,8485;1,0102;5,8085;36,0997;51,047612;260,7;0;;;;;;;
30/05/2015;Mediados;150;23,13;9,26;16,12;2,4;3,45;29,03;30,17;0;0;1,1;0,7;0,15;1,15;1,2;0;0,8;1;0,2;20;3,459755;9;1;0,0987;0;5,1619;1,1987;4,135431;0,35;0,55;49;26,95;0;;0;0,585;0,7422;2,5607;38,6604;55,183043;260,7;0;;;;;;;
31/05/2015;Mediados;151;24,72;9,06;17,02;2,5;3,35;29,16;23,29;0;0;1,1;0,7;0,15;1,1;1,17;20;0,8;1;0,2;20;0;9;1;0,069;11,8381;1,1565;1,169;3,916293;0,35;0,55;49;26,95;17;20;0;0,4689;0,5849;1,9592;23,6197;0;280,7;0;;;;;;;
01/06/2015;Mediados;152;26,96;12,47;19,89;2,3;5,5;29,13;29,36;0;0;1,1;0,7;0,15;1,1;1,15;0;0,8;1;0,2;20;1,156464;9;1;0,05;0;2,5315;1,15;6,325;0,35;0,55;49;26,95;0;;0;1;1,15;6,325;29,9447;6,325;280,7;0;;;;;;;
02/06/2015;Mediados;153;25,65;11,56;18,25;1,8;2,4;11,61;39,29;0;0;1,1;0,7;0,15;1,1;1,15;7,6;0,8;1;0,2;20;0;9;1;0,05;3,9285;0,6;1,15;2,76;0,35;0,55;49;26,95;6,46;7,6;0;0,8642;1,0006;2,4015;25,8861;9,085;288,3;0;;;;;;;
03/06/2015;Final;154;26,37;13,6;19,79;2,1;4,4;25,6;35,94;0;0;1,069355;0,7;0,15;1,1;1,13;0;0,777419;1;0,222581;20;0,6;9;1;0,0566;0;1,7197;1,126;4,954395;0,35;0,55;49;26,95;0;;0;1;1,126;4,9544;30,8405;14,039395;288,3;0;;;;;;;
04/06/2015;Final;155;22,76;12,12;17,74;2,1;4,7;25,5;40,32;0;0;1,03871;0,7;0,15;1,1;1,11;9,4;0,754839;1;0,245161;20;0;9;1;0,076;6,2703;1,4564;1,1147;5,23899;0,35;0,55;49;26,95;7,99;9,4;0;0,8236;0,9314;4,3776;27,2281;19,278385;297,7;0;;;;;;;
05/06/2015;Final;156;23,31;12,2;17,45;1,9;4,95;20,01;36,71;0;0;1,008065;0,7;0,15;1,1;1,12;0;0,732258;1;0,267742;20;1,456406;9;1;0,1108;0;3,5044;1,1188;5,538249;0,35;0,55;49;26,95;0;;0;0,9874;1,1061;5,4753;32,7034;24,816635;297,7;0;;;;;;;
06/06/2015;Final;157;21,92;12,65;17,11;1,8;4,6;11,31;45,26;0;0;0,977419;0,7;0,15;1,1;1,09;9,4;0,709677;1;0,290323;20;0;9;1;0,1167;4,4856;1,8496;1,0942;5,033118;0,35;0,55;49;26,95;7,99;9,4;0;0,7391;0,8391;3,86;28,5734;29,849753;307,1;0;;;;;;;
07/06/2015;Final;158;23,89;12,61;18,4;1,7;5,05;24,17;38,53;0;0;0,946774;0,7;0,15;1,1;1,11;12,6;0,687097;1;0,312903;20;0;9;1;0,1622;8,8604;2,6176;1,109;5,60028;0,35;0,55;49;26,95;10,71;12,6;0;0,9264;1,0393;5,2483;23,1117;35,450033;319,7;0;;;;;;;
08/06/2015;Final;159;25,08;11,26;18,09;1,1;4,3;21,67;33,49;0;0;0,916129;0,7;0,15;1,1;1,11;0;0,664516;1;0,335484;20;2,617647;9;1;0,1904;0;5,0577;1,1065;4,757938;0,35;0,55;49;26,95;0;;0;1;1,1065;4,7579;27,8696;40,207971;319,7;0;;;;;;;
09/06/2015;Final;160;23,89;10,26;16,7;1,5;3,8;20,5;33,67;0;0;0,885484;0,7;0,15;1,1;1,12;9,4;0,641935;1;0,358065;20;0;9;1;0,2309;2,9323;2,4502;1,1164;4,242183;0,35;0,55;49;26,95;7,99;9,4;0;0,9583;1,0794;4,1019;23,9815;44,450154;329,1;0;;;;;;;
10/06/2015;Final;161;24,78;10,81;17,49;2;5;27,12;27,13;0;0;0,854839;0,7;0,15;1,1;1,15;12,6;0,619355;1;0,380645;20;0;9;1;0,2914;8,2598;3,8271;1,1462;5,730975;0,35;0,55;49;26,95;10,71;12,6;0;1;1,1462;5,731;19,0024;0;341,7;0;;;;;;;
11/06/2015;Final;162;24,77;12,75;18,88;2,3;6,4;23,38;31,45;0;0;0,824194;0,7;0,15;1,1;1,14;0;0,596774;1;0,403226;20;3,827137;9;1;0,3186;0;8,8836;1,1428;7,31374;0,35;0,55;49;26,95;0;;0;1;1,1428;7,3137;26,3162;7,31374;341,7;0;;;;;;;
12/06/2015;Final;163;24,34;10,69;17,87;2,2;6,4;29,61;26,06;0;0;0,793548;0,7;0,15;1,15;1,2;0;0,574194;1;0,425806;20;8,883612;9;1;0,4106;0;15,0547;1,2041;7,706382;0,35;0,55;49;26,95;0;;0;1;1,2041;7,7064;34,0226;15,020121;341,7;0;;;;;;;
13/06/2015;Final;164;25,03;10,08;17,81;2,4;6,2;31,59;21,08;0;0;0,762903;0,7;0,15;1,1;1,17;9,4;0,551613;1;0,448387;20;7,064659;9;0,0674;0,0276;0;7,4463;0,7905;4,901116;0,35;0,55;49;26,95;7,99;9,4;0;0,6792;0,5458;3,384;29,4165;19,921237;351,1;0;;;;;;;
14/06/2015;Final;165;26,75;9,92;18,81;1,8;6,05;31,38;18,21;0;0;0,732258;0,7;0,15;1,1;1,16;12,6;0,529032;1;0,470968;20;0;9;1;0,4318;3,2637;5,547;1,1641;7,042642;0,35;0,55;49;26,95;10,71;12,6;0;0,8881;1,0822;6,5471;25,2536;26,963879;363,7;0;;;;;;;
15/06/2015;Final;166;29,53;11,14;20,86;1,4;6,1;31,35;17,18;0;0;0,701613;0,7;0,15;1,1;1,16;9,4;0,506452;1;0,493548;20;0;9;1;0,4548;2,443;5,6209;1,1564;7,054002;0,35;0,55;49;26,95;7,99;9,4;0;1;1,1564;7,054;24,3176;34,017881;373,1;0;;;;;;;
16/06/2015;Final;167;29,89;14,56;22,3;2,3;6,6;27,71;25,26;0;0;0,670968;0,7;0,15;1,1;1,16;0;0,483871;1;0,516129;20;5,620854;9;1;0,4878;0;11,8588;1,1588;7,647954;0,35;0,55;49;26,95;0;;0;1;1,1588;7,648;31,9656;41,665835;373,1;0;;;;;;;
17/06/2015;Final;168;29,85;14,66;22,48;1,3;6,4;31,52;17,68;0;0;0,640323;0,7;0,15;1,15;1,2;0;0,46129;1;0,53871;20;11,858765;9;0,111;0,0624;0;12,6003;0,7027;4,497523;0,35;0,55;49;26,95;0;;0;0,7725;0,5571;3,5654;35,5309;46,163358;373,1;0;;;;;;;
18/06/2015;Final;169;31;12,42;21,79;1,4;6,25;31,17;18,94;0;0;0,609677;0,7;0,15;1,1;1,15;9,4;0,43871;1;0,56129;20;4,610275;9;0,1009;0,0547;0;5,2195;0,6644;4,152409;0,35;0,55;49;26,95;7,99;9,4;0;0,6108;0,4271;2,6695;30,2105;50,315767;382,5;0;;;;;;;
19/06/2015;Final;170;29,53;14,69;22,33;3,6;6,75;31,43;23,9;0;0;0,579032;0,7;0,15;1,1;1,2;0;0,416129;1;0,583871;20;5,219452;9;1;0,6169;0;12,351;1,1959;8,072359;0,35;0,55;49;26,95;0;;0;0,8521;1,1103;7,4944;37,7049;58,388126;382,5;0;;;;;;;
20/06/2015;Final;171;31,27;13,37;22,72;2,7;6,7;31,34;19,92;0;0;0,548387;0,7;0,15;1,1;1,18;8,4;0,393548;1;0,606452;20;5,210979;9;0,1043;0,0662;0;5,9422;0,6146;4,117636;0,35;0,55;49;26,95;7,14;8,4;0;0,5123;0,3471;2,3255;32,8904;0;390,9;0;;;;;;;
21/06/2015;Final;172;32,74;13,47;23,36;2;6,75;31,59;15,89;0;0;0,517742;0,7;0,15;1,1;1,18;0;0,370968;1;0,629032;20;5,942187;9;1;0,6575;0;12,9976;1,1752;7,932855;0,35;0,55;49;26,95;0;;0;0,7306;1,0358;6,9913;39,8818;7,932855;390,9;0;;;;;;;
22/06/2015;Final;173;32,64;14,62;24,4;2,1;7,7;31,37;22,02;0;0;0,487097;0,7;0,15;1,1;1,16;12,6;0,348387;1;0,651613;20;2,287624;9;0,0955;0,0644;0;3,0492;0,5515;4,246865;0,35;0,55;49;26,95;10,71;12,6;0;0,4135;0,2659;2,0472;31,219;12,17972;403,5;0;;;;;;;
23/06/2015;Final;174;32,46;16,06;24,51;2,9;8,15;30,83;22,68;0;0;0,456452;0,7;0,15;1,1;1,18;0;0,325806;1;0,674194;20;3,04915;9;1;0,7245;0;11,8075;1,181;9,624874;0,35;0,55;49;26,95;0;;0;0,8064;1,0926;8,9047;40,1236;21,804594;403,5;0;;;;;;;
24/06/2015;Final;175;34,56;16,61;25,54;2,2;7,25;30,08;18,21;0;0;0,425806;0,7;0,15;1,15;1,22;0;0,303226;1;0,696774;20;11,807455;9;0,1117;0,0892;0;12,7358;0,515;3,733935;0,35;0,55;49;26,95;0;;0;0,4026;0,2606;1,8896;42,0132;25,538529;403,5;0;;;;;;;
25/06/2015;Final;176;34,51;16,64;25,32;2,5;7,95;29,35;21,44;0;0;0,395161;0,7;0,15;1,1;1,17;9,4;0,280645;1;0,719355;20;4,745787;9;0,0991;0,0771;0;5,5982;0,4723;3,754745;0,35;0,55;49;26,95;7,99;9,4;0;0,3169;0,2023;1,6086;35,6318;29,293274;412,9;0;;;;;;;
26/06/2015;Final;177;33,23;17,35;25,09;2,6;7,5;28,06;22,93;0;0;0,364516;0,7;0,15;1,1;1,17;0;0,258065;1;0,741935;20;5,598236;9;1;0,808;0;13,7665;1,1726;8,7942;0,35;0,55;49;26,95;0;;0;0,6063;1,029;7,7178;43,3496;38,087474;412,9;0;;;;;;;
27/06/2015;Final;178;33,06;17,46;25,39;2,4;7,2;29,32;21,54;0;0;0,333871;0,7;0,15;1,15;1,22;0;0,235484;1;0,764516;20;13,766505;9;0,085;0,0754;0;14,4767;0,4093;2,946803;0,35;0,55;49;26,95;0;;0;0,2563;0,161;1,1589;44,5086;41,034276;412,9;0;;;;;;;
28/06/2015;Final;179;33,58;16,06;24,89;1,6;6,5;25,57;20,09;0;0;0,303226;0,7;0,15;1,1;1,15;9,4;0,212903;1;0,787097;20;6,486669;9;0,0753;0,0641;0;7,0159;0,3673;2,387502;0,35;0,55;49;26,95;7,99;9,4;0;0,2037;0,1258;0,818;37,3366;43,421778;422,3;0;;;;;;;
29/06/2015;Final;180;33,13;17,49;25,16;2,8;6,4;26,09;25,29;0;0;0,272581;0,7;0,15;1,1;1,17;0;0,190323;1;0,809677;20;7,015872;9;1;0,8991;0;14,1223;1,1716;7,498467;0,35;0,55;49;26,95;0;;0;0,529;1,0432;6,6767;44,0133;50,920245;422,3;0;;;;;;;
30/06/2015;Final;181;32,95;17,71;25,3;2,5;6,5;29,46;25,97;0;0;0,241935;0,7;0,15;1,15;1,21;0;0,167742;1;0,832258;20;14,122345;9;0,0802;0,0778;0;14,7297;0,3197;2,078019;0,35;0,55;49;26,95;0;;0;0,2262;0,1325;0,8611;44,8744;0;422,3;0;;;;;;;
01/07/2015;Final;182;32,39;17,55;25,57;2,7;7;30,98;15,59;0;0;0,21129;0,7;0,15;1,1;1,19;5,4;0,145161;1;0,854839;20;10,139654;9;0,0719;0,0706;0;10,7181;0,2819;1,973475;0,35;0,55;49;26,95;4,59;5,4;0;0,1871;0,1102;0,7712;41,0555;1,973475;427,7;0;;;;;;;
02/07/2015;Final;183;31,03;17,56;23,84;1,8;7,35;19,55;22,08;0;0;0,180645;0,7;0,15;1,1;1,15;0;0,122581;1;0,877419;20;10,718059;9;0,1266;0,1232;0;11,7502;0,3039;2,233341;0,35;0,55;49;26,95;0;;0;0,3603;0,1883;1,384;42,4395;4,206816;427,7;0;;;;;;;
03/07/2015;Final;184;30,29;15,56;22,55;2,7;6,15;23,5;22,05;0;0;0,15;0,7;0,15;1,1;1,18;0;0,1;1;0,9;20;0;9;0,1125;0,1156;30,6893;0,7898;0,2656;1,633323;0,35;0,55;49;26,95;42,439516;;0;0,2975;0,1602;0,9853;0,9853;0;427,7;0;0,85;58,96;;20,805332;49,928842;2,39981;2h 23m
